id,title,author,ups,downs,score,num_comments,created_utc,upvote_ratio,link_flair_text,is_self,is_video,url,permalink
1qa76fq,Somebody posed the question about which Netflix shows had the least satisfying endings. Wouldn‚Äôt it be easier to talk about the ones that had the most satisfying endings?,Limp-Strawberry-5830,4,0,4,16,2026-01-11T18:39:14,1.0,Discussion,True,False,https://www.reddit.com/r/netflix/comments/1qa76fq/somebody_posed_the_question_about_which_netflix/,https://reddit.com/r/netflix/comments/1qa76fq/somebody_posed_the_question_about_which_netflix/
1qa70v1,His &amp; Hers book vs show,AllISeeIsDust,1,0,1,2,2026-01-11T18:33:35,1.0,Discussion,True,False,https://www.reddit.com/r/netflix/comments/1qa70v1/his_hers_book_vs_show/,https://reddit.com/r/netflix/comments/1qa70v1/his_hers_book_vs_show/
1qa6yu9,‚ÄúWait‚Ä¶ you STILL haven‚Äôt watched this?!‚Äù,RiskAndReason,4,0,4,23,2026-01-11T18:31:32,0.83,Discussion,True,False,https://www.reddit.com/r/netflix/comments/1qa6yu9/wait_you_still_havent_watched_this/,https://reddit.com/r/netflix/comments/1qa6yu9/wait_you_still_havent_watched_this/
1qa6kck,His &amp; Hers,sarahal3xis,2,0,2,5,2026-01-11T18:16:40,0.75,Discussion,True,False,https://www.reddit.com/r/netflix/comments/1qa6kck/his_hers/,https://reddit.com/r/netflix/comments/1qa6kck/his_hers/
1qa6e5b,Series recommendations binge worthy,Bulky-Farmer-201,1,0,1,1,2026-01-11T18:10:08,1.0,Discussion,True,False,https://www.reddit.com/r/netflix/comments/1qa6e5b/series_recommendations_binge_worthy/,https://reddit.com/r/netflix/comments/1qa6e5b/series_recommendations_binge_worthy/
1qa5tmz,Games: So Much Family Fun!,thunderwarm,1,0,1,0,2026-01-11T17:48:57,1.0,Discussion,True,False,https://www.reddit.com/r/netflix/comments/1qa5tmz/games_so_much_family_fun/,https://reddit.com/r/netflix/comments/1qa5tmz/games_so_much_family_fun/
1qa5b5r,Decent watch,Plenty-Cricket9715,2,0,2,0,2026-01-11T17:29:59,1.0,What Should I Watch?,True,False,https://www.reddit.com/r/netflix/comments/1qa5b5r/decent_watch/,https://reddit.com/r/netflix/comments/1qa5b5r/decent_watch/
1qa52zb,"Shows like 3 body problem and plaribus, shows about aliens",Independent-One-5164,4,0,4,11,2026-01-11T17:21:31,0.7,Recommendation,True,False,https://www.reddit.com/r/netflix/comments/1qa52zb/shows_like_3_body_problem_and_plaribus_shows/,https://reddit.com/r/netflix/comments/1qa52zb/shows_like_3_body_problem_and_plaribus_shows/
1qa4s1u,Any way to update Unwatched count when watched on another platform?,adriennelisa,0,0,0,0,2026-01-11T17:10:18,0.5,Technical Support,True,False,https://www.reddit.com/r/netflix/comments/1qa4s1u/any_way_to_update_unwatched_count_when_watched_on/,https://reddit.com/r/netflix/comments/1qa4s1u/any_way_to_update_unwatched_count_when_watched_on/
1qa4r9w,I can‚Äôt connect with ‚ÄúThe Diplomat‚Äù,OkCartographer4028,22,0,22,52,2026-01-11T17:09:31,0.72,Discussion,True,False,https://www.reddit.com/r/netflix/comments/1qa4r9w/i_cant_connect_with_the_diplomat/,https://reddit.com/r/netflix/comments/1qa4r9w/i_cant_connect_with_the_diplomat/
1qa4pmi,error code UI3012,larauerc,0,0,0,0,2026-01-11T17:07:45,0.5,Technical Support,True,False,https://www.reddit.com/r/netflix/comments/1qa4pmi/error_code_ui3012/,https://reddit.com/r/netflix/comments/1qa4pmi/error_code_ui3012/
1qa48sb,Is it just me or Georgia accent is too annoying and overstretched? (GINNY AND GEORGIA),Kshiti_salman,5,0,5,5,2026-01-11T16:50:22,0.67,Question,True,False,https://www.reddit.com/r/netflix/comments/1qa48sb/is_it_just_me_or_georgia_accent_is_too_annoying/,https://reddit.com/r/netflix/comments/1qa48sb/is_it_just_me_or_georgia_accent_is_too_annoying/
1qa3dh2,When did Netflix get access to Cartoon Network shows and Sony movies??,Rednek233,0,0,0,3,2026-01-11T16:16:55,0.38,Question,True,False,https://www.reddit.com/r/netflix/comments/1qa3dh2/when_did_netflix_get_access_to_cartoon_network/,https://reddit.com/r/netflix/comments/1qa3dh2/when_did_netflix_get_access_to_cartoon_network/
1qa1x86,I like asian series - Can you recommend a good Japanese or Korean?,Hungry-Curve9612,2,0,2,3,2026-01-11T15:19:47,0.75,What Should I Watch?,True,False,https://www.reddit.com/r/netflix/comments/1qa1x86/i_like_asian_series_can_you_recommend_a_good/,https://reddit.com/r/netflix/comments/1qa1x86/i_like_asian_series_can_you_recommend_a_good/
1q9yljb,Why is quality so bad on pc?,PutridMasterpiece138,0,0,0,1,2026-01-11T12:51:05,0.5,Discussion,True,False,https://www.reddit.com/r/netflix/comments/1q9yljb/why_is_quality_so_bad_on_pc/,https://reddit.com/r/netflix/comments/1q9yljb/why_is_quality_so_bad_on_pc/
1q9yi25,Best Netflix Shows of All Time,Only-Author-7067,6,0,6,73,2026-01-11T12:46:03,0.69,Discussion,True,False,https://www.reddit.com/r/netflix/comments/1q9yi25/best_netflix_shows_of_all_time/,https://reddit.com/r/netflix/comments/1q9yi25/best_netflix_shows_of_all_time/
1q9wx93,Vecna vs IT,keikilla,0,0,0,5,2026-01-11T11:17:26,0.36,Question,True,False,https://www.reddit.com/r/netflix/comments/1q9wx93/vecna_vs_it/,https://reddit.com/r/netflix/comments/1q9wx93/vecna_vs_it/
1q9we77,Glitches trailers,R4V3NMustang,0,0,0,0,2026-01-11T10:45:21,0.25,Technical Support,True,False,https://www.reddit.com/r/netflix/comments/1q9we77/glitches_trailers/,https://reddit.com/r/netflix/comments/1q9we77/glitches_trailers/
1q9vqyp,Automatic trailers in Netflix?,zargreet,1,0,1,1,2026-01-11T10:06:24,1.0,Question,True,False,https://www.reddit.com/r/netflix/comments/1q9vqyp/automatic_trailers_in_netflix/,https://reddit.com/r/netflix/comments/1q9vqyp/automatic_trailers_in_netflix/
1q9vjtb,What is the point of Dynasty on Netflix if you can‚Äôt screenshot the make up looks &amp; outfits for inspo?!!?,EmpressOfM4rs,0,0,0,4,2026-01-11T09:54:44,0.28,Question,True,False,https://www.reddit.com/r/netflix/comments/1q9vjtb/what_is_the_point_of_dynasty_on_netflix_if_you/,https://reddit.com/r/netflix/comments/1q9vjtb/what_is_the_point_of_dynasty_on_netflix_if_you/
1q9vime,A little spoiler nitpick I,smakson11,0,0,0,1,2026-01-11T09:52:41,0.25,Discussion,True,False,https://www.reddit.com/r/netflix/comments/1q9vime/a_little_spoiler_nitpick_i/,https://reddit.com/r/netflix/comments/1q9vime/a_little_spoiler_nitpick_i/
1q9v2mp,His &amp; Her (2026) Spoilers ahead.,Blue-Sea2255,8,0,8,4,2026-01-11T09:24:56,0.7,Review,True,False,https://www.reddit.com/r/netflix/comments/1q9v2mp/his_her_2026_spoilers_ahead/,https://reddit.com/r/netflix/comments/1q9v2mp/his_her_2026_spoilers_ahead/
1q9tr3r,did netflix edit out eyecatchers?,No_Flatworm7586,0,0,0,0,2026-01-11T08:03:46,0.25,Question,True,False,https://www.reddit.com/r/netflix/comments/1q9tr3r/did_netflix_edit_out_eyecatchers/,https://reddit.com/r/netflix/comments/1q9tr3r/did_netflix_edit_out_eyecatchers/
1q9thpg,His &amp; Hers,abriellecaton,59,0,59,58,2026-01-11T07:48:20,0.8,Discussion,True,False,https://www.reddit.com/r/netflix/comments/1q9thpg/his_hers/,https://reddit.com/r/netflix/comments/1q9thpg/his_hers/
1q9szc9,Level out the sound please,d_o_mino,7,0,7,5,2026-01-11T07:17:18,0.71,Question,True,False,https://www.reddit.com/r/netflix/comments/1q9szc9/level_out_the_sound_please/,https://reddit.com/r/netflix/comments/1q9szc9/level_out_the_sound_please/
1q9rmlo,"Has anyone seen ""Nobody's Home""?",FlyLikeDove,2,0,2,2,2026-01-11T06:00:44,0.75,Question,True,False,https://www.reddit.com/r/netflix/comments/1q9rmlo/has_anyone_seen_nobodys_home/,https://reddit.com/r/netflix/comments/1q9rmlo/has_anyone_seen_nobodys_home/
1q9r81c,any good psychological show recommendations?,Proud_Commercial5210,6,0,6,21,2026-01-11T05:39:52,0.75,Recommendation,True,False,https://www.reddit.com/r/netflix/comments/1q9r81c/any_good_psychological_show_recommendations/,https://reddit.com/r/netflix/comments/1q9r81c/any_good_psychological_show_recommendations/
1q9r60z,Run Away - terrible acting?,cl4udia_kincaiid,7,0,7,23,2026-01-11T05:37:01,0.73,Review,True,False,https://www.reddit.com/r/netflix/comments/1q9r60z/run_away_terrible_acting/,https://reddit.com/r/netflix/comments/1q9r60z/run_away_terrible_acting/
1q9qagu,I need help understanding Ballad of a Small Player,Key-Contribution985,2,0,2,0,2026-01-11T04:52:24,1.0,Question,True,False,https://www.reddit.com/r/netflix/comments/1q9qagu/i_need_help_understanding_ballad_of_a_small_player/,https://reddit.com/r/netflix/comments/1q9qagu/i_need_help_understanding_ballad_of_a_small_player/
1q9p81v,People we meet on vacation. Hard pass.,Ok_Newspaper_846,0,0,0,24,2026-01-11T03:58:39,0.12,Review,True,False,https://www.reddit.com/r/netflix/comments/1q9p81v/people_we_meet_on_vacation_hard_pass/,https://reddit.com/r/netflix/comments/1q9p81v/people_we_meet_on_vacation_hard_pass/
1q9olpp,My korean boyfriend,sugar_peace,2,0,2,0,2026-01-11T03:28:23,0.75,Discussion,True,False,https://www.reddit.com/r/netflix/comments/1q9olpp/my_korean_boyfriend/,https://reddit.com/r/netflix/comments/1q9olpp/my_korean_boyfriend/
1q9o2l9,Homeland,NoEstablishment205,61,0,61,42,2026-01-11T03:03:18,0.9,Review,True,False,https://www.reddit.com/r/netflix/comments/1q9o2l9/homeland/,https://reddit.com/r/netflix/comments/1q9o2l9/homeland/
1q9o0sp,REQUEST: Binge worthy?,Abject-Pressure-2529,0,0,0,3,2026-01-11T03:01:07,0.5,Question,True,False,https://www.reddit.com/r/netflix/comments/1q9o0sp/request_binge_worthy/,https://reddit.com/r/netflix/comments/1q9o0sp/request_binge_worthy/
1q9n7yj,Netflix is now the Walmart/Amazon of entertainment media,hasanahmad,1126,0,1126,149,2026-01-11T02:23:49,0.92,Discussion,True,False,https://www.reddit.com/r/netflix/comments/1q9n7yj/netflix_is_now_the_walmartamazon_of_entertainment/,https://reddit.com/r/netflix/comments/1q9n7yj/netflix_is_now_the_walmartamazon_of_entertainment/
1q9mjlu,What was the WORST Ending to A Netflix Original Series??,Famous-Donut-2394,114,0,114,252,2026-01-11T01:53:30,0.87,Question,True,False,https://www.reddit.com/r/netflix/comments/1q9mjlu/what_was_the_worst_ending_to_a_netflix_original/,https://reddit.com/r/netflix/comments/1q9mjlu/what_was_the_worst_ending_to_a_netflix_original/
1q9mi61,Why can‚Äôt I resume WWE Raw where I left off?,BigOrangeVol98,0,0,0,3,2026-01-11T01:51:48,0.25,Technical Support,True,False,https://www.reddit.com/r/netflix/comments/1q9mi61/why_cant_i_resume_wwe_raw_where_i_left_off/,https://reddit.com/r/netflix/comments/1q9mi61/why_cant_i_resume_wwe_raw_where_i_left_off/
1q9m25p,His and Hers episode 4 ending,Spiritual-Honey-4587,8,0,8,8,2026-01-11T01:31:56,0.66,Question,True,False,https://www.reddit.com/r/netflix/comments/1q9m25p/his_and_hers_episode_4_ending/,https://reddit.com/r/netflix/comments/1q9m25p/his_and_hers_episode_4_ending/
1q9lzaf,I need help finding a coming of age/teen Nordic or Central European show I watched sometime in the last year,ybutton,1,0,1,2,2026-01-11T01:28:18,1.0,Question,True,False,https://www.reddit.com/r/netflix/comments/1q9lzaf/i_need_help_finding_a_coming_of_ageteen_nordic_or/,https://reddit.com/r/netflix/comments/1q9lzaf/i_need_help_finding_a_coming_of_ageteen_nordic_or/
1q9ik6w,Btightness issues,urmommy6942032,0,0,0,0,2026-01-10T23:01:51,0.5,Technical Support,True,False,https://www.reddit.com/r/netflix/comments/1q9ik6w/btightness_issues/,https://reddit.com/r/netflix/comments/1q9ik6w/btightness_issues/
1q9iihp,Harlan Coben. Does. Not. Miss.,Kurtz62,0,0,0,19,2026-01-10T23:00:04,0.33,Discussion,True,False,https://www.reddit.com/r/netflix/comments/1q9iihp/harlan_coben_does_not_miss/,https://reddit.com/r/netflix/comments/1q9iihp/harlan_coben_does_not_miss/
1q9hbq9,Becky,tymriq,0,0,0,8,2026-01-10T22:10:56,0.5,Discussion,True,False,https://www.reddit.com/r/netflix/comments/1q9hbq9/becky/,https://reddit.com/r/netflix/comments/1q9hbq9/becky/
1q9grkc,Primer pel√≠cula original en M√©xico?,jgsanchezg,0,0,0,0,2026-01-10T21:48:51,0.5,Question,True,False,https://www.reddit.com/r/netflix/comments/1q9grkc/primer_pel√≠cula_original_en_m√©xico/,https://reddit.com/r/netflix/comments/1q9grkc/primer_pel√≠cula_original_en_m√©xico/
1q9fwcp,Alpha Males Season 4 seems like they lost budget mid season. Horrible ending,Great_Sun_zo,0,0,0,2,2026-01-10T21:15:03,0.38,Discussion,True,False,https://www.reddit.com/r/netflix/comments/1q9fwcp/alpha_males_season_4_seems_like_they_lost_budget/,https://reddit.com/r/netflix/comments/1q9fwcp/alpha_males_season_4_seems_like_they_lost_budget/
1q9furg,His &amp; Hers .... wow bad.,nvmatt,0,0,0,80,2026-01-10T21:13:26,0.5,Discussion,True,False,https://www.reddit.com/r/netflix/comments/1q9furg/his_hers_wow_bad/,https://reddit.com/r/netflix/comments/1q9furg/his_hers_wow_bad/
1q9elmn,Netflix needs to stop closed captioning background music!,ToLiveOrToReddit,0,0,0,9,2026-01-10T20:25:25,0.33,Discussion,True,False,https://www.reddit.com/r/netflix/comments/1q9elmn/netflix_needs_to_stop_closed_captioning/,https://reddit.com/r/netflix/comments/1q9elmn/netflix_needs_to_stop_closed_captioning/
1q9cq0d,Good night &amp; good luck,AggravatingCamp9315,4,0,4,0,2026-01-10T19:13:11,1.0,Recommendation,True,False,https://www.reddit.com/r/netflix/comments/1q9cq0d/good_night_good_luck/,https://reddit.com/r/netflix/comments/1q9cq0d/good_night_good_luck/
1q9c8k5,Very bad quality on desktop app,alexxx729,1,0,1,12,2026-01-10T18:55:02,0.67,Technical Support,True,False,https://www.reddit.com/r/netflix/comments/1q9c8k5/very_bad_quality_on_desktop_app/,https://reddit.com/r/netflix/comments/1q9c8k5/very_bad_quality_on_desktop_app/
1q9c81c,IOS app not working?,NatrenSR1,3,0,3,2,2026-01-10T18:54:30,1.0,Technical Support,True,False,https://www.reddit.com/r/netflix/comments/1q9c81c/ios_app_not_working/,https://reddit.com/r/netflix/comments/1q9c81c/ios_app_not_working/
1q9c2od,This movie is so stupid people we meet on vacation,girlonthejourney,0,0,0,6,2026-01-10T18:48:50,0.43,Review,True,False,https://www.reddit.com/r/netflix/comments/1q9c2od/this_movie_is_so_stupid_people_we_meet_on_vacation/,https://reddit.com/r/netflix/comments/1q9c2od/this_movie_is_so_stupid_people_we_meet_on_vacation/
1q9a4s8,People We Met on Vacations (Movie),Highly_Dumb,3,0,3,0,2026-01-10T17:34:23,1.0,Discussion,True,False,https://www.reddit.com/r/netflix/comments/1q9a4s8/people_we_met_on_vacations_movie/,https://reddit.com/r/netflix/comments/1q9a4s8/people_we_met_on_vacations_movie/
1q98hpp,"Just finished watching ‚ÄúHomeland‚Äù, now I don‚Äôt know what do with myself",OkCartographer4028,151,0,151,130,2026-01-10T16:30:51,0.91,What Should I Watch?,True,False,https://www.reddit.com/r/netflix/comments/1q98hpp/just_finished_watching_homeland_now_i_dont_know/,https://reddit.com/r/netflix/comments/1q98hpp/just_finished_watching_homeland_now_i_dont_know/
1q97n3a,Why Netflix?,Strange_Light5219,25,0,25,15,2026-01-10T15:57:45,0.79,Discussion,True,False,https://www.reddit.com/r/netflix/comments/1q97n3a/why_netflix/,https://reddit.com/r/netflix/comments/1q97n3a/why_netflix/
1q96x1s,Looking for thriller show :),Low-Collection3307,5,0,5,16,2026-01-10T15:29:20,1.0,What Should I Watch?,True,False,https://www.reddit.com/r/netflix/comments/1q96x1s/looking_for_thriller_show/,https://reddit.com/r/netflix/comments/1q96x1s/looking_for_thriller_show/
1q96bjp,"What do you think about these random choices of judges for the next ""Star Search"" reboot?",ronfromsacramento,0,0,0,3,2026-01-10T15:05:08,0.4,Discussion,True,False,https://www.reddit.com/r/netflix/comments/1q96bjp/what_do_you_think_about_these_random_choices_of/,https://reddit.com/r/netflix/comments/1q96bjp/what_do_you_think_about_these_random_choices_of/
1q95gv1,Runaway - sound of silence - artist?,The_Girl_1985,3,0,3,18,2026-01-10T14:29:34,1.0,Question,True,False,https://www.reddit.com/r/netflix/comments/1q95gv1/runaway_sound_of_silence_artist/,https://reddit.com/r/netflix/comments/1q95gv1/runaway_sound_of_silence_artist/
1q95ctb,Run Away - flakey green screen background,tricky12121st,1,0,1,0,2026-01-10T14:24:44,0.6,Discussion,True,False,https://www.reddit.com/r/netflix/comments/1q95ctb/run_away_flakey_green_screen_background/,https://reddit.com/r/netflix/comments/1q95ctb/run_away_flakey_green_screen_background/
1q935t3,"Netflix pushes 'Wednesday' to 2027 as 'Bridgerton', 'One Piece', and 'The Witcher' line up for 2026",intelerks,240,0,240,51,2026-01-10T12:44:54,0.96,News Article,False,False,https://www.indiaweekly.biz/netflix-delays-wednesday-charts-2026lineup/,https://reddit.com/r/netflix/comments/1q935t3/netflix_pushes_wednesday_to_2027_as_bridgerton/
1q91d49,Netflix double subtitles,abitworndown,11,0,11,21,2026-01-10T11:01:49,0.72,Technical Support,True,False,https://www.reddit.com/r/netflix/comments/1q91d49/netflix_double_subtitles/,https://reddit.com/r/netflix/comments/1q91d49/netflix_double_subtitles/
1q8z5px,What was the point of casting Linda Hamilton in Stranger things S05?,Deadpool-fan-466,1098,0,1098,200,2026-01-10T08:45:36,0.88,Discussion,True,False,https://www.reddit.com/r/netflix/comments/1q8z5px/what_was_the_point_of_casting_linda_hamilton_in/,https://reddit.com/r/netflix/comments/1q8z5px/what_was_the_point_of_casting_linda_hamilton_in/
1q8yyqs,His &amp; Hers Had Potential,Unable-Youth,39,0,39,65,2026-01-10T08:33:37,0.87,Discussion,True,False,https://www.reddit.com/r/netflix/comments/1q8yyqs/his_hers_had_potential/,https://reddit.com/r/netflix/comments/1q8yyqs/his_hers_had_potential/
1q8xkpw,What‚Äôs a show you genuinely loved that you think deserves its hype?,apka_dd,0,0,0,9,2026-01-10T07:09:45,0.5,Discussion,True,False,https://www.reddit.com/r/netflix/comments/1q8xkpw/whats_a_show_you_genuinely_loved_that_you_think/,https://reddit.com/r/netflix/comments/1q8xkpw/whats_a_show_you_genuinely_loved_that_you_think/
1q8x78s,Lauren ‚ÄúCowell‚Äù?,Mom2askater,0,0,0,1,2026-01-10T06:48:01,0.17,Discussion,True,False,https://www.reddit.com/r/netflix/comments/1q8x78s/lauren_cowell/,https://reddit.com/r/netflix/comments/1q8x78s/lauren_cowell/
1q8vg2r,I want to mentally disturb myself. I want to traumatize myself. Any suggestions on what I can watch on Netflix?,Necessary-Cause-4869,0,0,0,198,2026-01-10T05:13:25,0.5,What Should I Watch?,True,False,https://www.reddit.com/r/netflix/comments/1q8vg2r/i_want_to_mentally_disturb_myself_i_want_to/,https://reddit.com/r/netflix/comments/1q8vg2r/i_want_to_mentally_disturb_myself_i_want_to/
1q8uu1n,His and Hers,ithnkthrfriam,2,0,2,9,2026-01-10T04:42:19,0.6,Question,True,False,https://www.reddit.com/r/netflix/comments/1q8uu1n/his_and_hers/,https://reddit.com/r/netflix/comments/1q8uu1n/his_and_hers/
1q8svwg,Isn't netflix wrong about stranger things?,FluidModeNetwork,48,0,48,30,2026-01-10T03:07:01,0.66,Question,True,False,https://www.reddit.com/r/netflix/comments/1q8svwg/isnt_netflix_wrong_about_stranger_things/,https://reddit.com/r/netflix/comments/1q8svwg/isnt_netflix_wrong_about_stranger_things/
1q8rkrp,His &amp; Hers,AccomplishedPut5175,13,0,13,7,2026-01-10T02:07:35,0.84,Discussion,True,False,https://www.reddit.com/r/netflix/comments/1q8rkrp/his_hers/,https://reddit.com/r/netflix/comments/1q8rkrp/his_hers/
1q8ole1,anyone‚Äôs netflix not working?,yeetskrtyeetskrt,3,0,3,4,2026-01-09T23:57:18,0.64,Technical Support,True,False,https://www.reddit.com/r/netflix/comments/1q8ole1/anyones_netflix_not_working/,https://reddit.com/r/netflix/comments/1q8ole1/anyones_netflix_not_working/
1q8o2oq,Episodes keep glitching back a couple seconds every 1-2 minutes,wh1tef3rrari,0,0,0,1,2026-01-09T23:34:56,0.5,Technical Support,True,False,https://www.reddit.com/r/netflix/comments/1q8o2oq/episodes_keep_glitching_back_a_couple_seconds/,https://reddit.com/r/netflix/comments/1q8o2oq/episodes_keep_glitching_back_a_couple_seconds/
1q8mwc4,Going on a 17 hour plane ride need some TV suggestions?,abdul_bino,6,0,6,44,2026-01-09T22:46:44,0.72,What Should I Watch?,True,False,https://www.reddit.com/r/netflix/comments/1q8mwc4/going_on_a_17_hour_plane_ride_need_some_tv/,https://reddit.com/r/netflix/comments/1q8mwc4/going_on_a_17_hour_plane_ride_need_some_tv/
1q8lcdu,The people we meet on vacation movie was so without depth and even without romance ?,AltruisticAide9776,71,0,71,98,2026-01-09T21:45:55,0.85,Discussion,True,False,https://www.reddit.com/r/netflix/comments/1q8lcdu/the_people_we_meet_on_vacation_movie_was_so/,https://reddit.com/r/netflix/comments/1q8lcdu/the_people_we_meet_on_vacation_movie_was_so/
1q8kksv,"In your opinion, what's the standard differences between TV-14 (Early Teens) and TV MA? (Late teens)",FormalAdvertising444,0,0,0,14,2026-01-09T21:16:00,0.43,Question,True,False,https://www.reddit.com/r/netflix/comments/1q8kksv/in_your_opinion_whats_the_standard_differences/,https://reddit.com/r/netflix/comments/1q8kksv/in_your_opinion_whats_the_standard_differences/
1q8kfrm,Someone made their own stranger things finale,Green_Coach1359,0,0,0,1,2026-01-09T21:10:39,0.18,Discussion,False,False,https://youtu.be/8ChkTZJzP4o?si=UyknmfayKHst18gM,https://reddit.com/r/netflix/comments/1q8kfrm/someone_made_their_own_stranger_things_finale/
1q8hpk0,Scrolling Netflix for 30 mins. Still haven't picked anything,FunRealistic7609,209,0,209,286,2026-01-09T19:26:32,0.91,What Should I Watch?,True,False,https://www.reddit.com/r/netflix/comments/1q8hpk0/scrolling_netflix_for_30_mins_still_havent_picked/,https://reddit.com/r/netflix/comments/1q8hpk0/scrolling_netflix_for_30_mins_still_havent_picked/
1q8hg5j,‚ÄùNot in the same household‚Äù even though i am,coolerdude56,24,0,24,21,2026-01-09T19:16:29,0.82,Technical Support,True,False,https://www.reddit.com/r/netflix/comments/1q8hg5j/not_in_the_same_household_even_though_i_am/,https://reddit.com/r/netflix/comments/1q8hg5j/not_in_the_same_household_even_though_i_am/
1q8hcra,Finally able to afford a Netflix subscription - top recommendations right now?,Hairy-Stop4005,8,0,8,14,2026-01-09T19:13:00,0.9,What Should I Watch?,True,False,https://www.reddit.com/r/netflix/comments/1q8hcra/finally_able_to_afford_a_netflix_subscription_top/,https://reddit.com/r/netflix/comments/1q8hcra/finally_able_to_afford_a_netflix_subscription_top/
1q8gst3,Whats happening with netflix over in Bulgaria,BreakDefiant8956,0,0,0,1,2026-01-09T18:52:12,0.33,Technical Support,True,False,https://www.reddit.com/r/netflix/comments/1q8gst3/whats_happening_with_netflix_over_in_bulgaria/,https://reddit.com/r/netflix/comments/1q8gst3/whats_happening_with_netflix_over_in_bulgaria/
1q8fk8q,What does my watchlist say about my TV taste?,Shrouded_ParadoxX,1,0,1,23,2026-01-09T18:06:50,0.52,Review,True,False,https://www.reddit.com/r/netflix/comments/1q8fk8q/what_does_my_watchlist_say_about_my_tv_taste/,https://reddit.com/r/netflix/comments/1q8fk8q/what_does_my_watchlist_say_about_my_tv_taste/
1q8f0sh,Does anyone else think Maeve Courtier-Lilley looks a bit like Sydney Sweeney?,godguided,4,0,4,7,2026-01-09T17:47:16,0.67,Question,True,False,https://www.reddit.com/r/netflix/comments/1q8f0sh/does_anyone_else_think_maeve_courtierlilley_looks/,https://reddit.com/r/netflix/comments/1q8f0sh/does_anyone_else_think_maeve_courtierlilley_looks/
1q8ckzd,Netflix gets one more month.,Emergency_Air4575,0,0,0,12,2026-01-09T16:18:22,0.33,Recommendation,True,False,https://www.reddit.com/r/netflix/comments/1q8ckzd/netflix_gets_one_more_month/,https://reddit.com/r/netflix/comments/1q8ckzd/netflix_gets_one_more_month/
1q8c7eq,‚ÄòBlack Mirror‚Äô Renewed For Season 8 At Netflix,GiveMeSomeSunshine3,1317,0,1317,92,2026-01-09T16:04:52,0.98,News Article,False,False,https://deadline.com/2026/01/black-mirror-season-8-coming-to-netflix-charlie-brooker-1236677316/,https://reddit.com/r/netflix/comments/1q8c7eq/black_mirror_renewed_for_season_8_at_netflix/
1q89b3m,Are there more Korean shows on Netflix in the Middle East and North Africa than on Netflix in America or Europe? does Netflix in America have more Western shows?,TheShyBuck,7,0,7,11,2026-01-09T14:13:23,0.67,Question,True,False,https://www.reddit.com/r/netflix/comments/1q89b3m/are_there_more_korean_shows_on_netflix_in_the/,https://reddit.com/r/netflix/comments/1q89b3m/are_there_more_korean_shows_on_netflix_in_the/
1q84on1,Just finished watching Animal Kingdom.,Wonderful_Nebula_802,15,0,15,6,2026-01-09T10:19:22,0.81,What Should I Watch?,True,False,https://www.reddit.com/r/netflix/comments/1q84on1/just_finished_watching_animal_kingdom/,https://reddit.com/r/netflix/comments/1q84on1/just_finished_watching_animal_kingdom/
1q832jb,"Netflix co-CEO says he doesn‚Äôt read business books‚Äîat all. Instead, he reads one 1902 fiction about a ship and its reckless ‚Äòhot dog‚Äô captain over and over again",Economy-Specialist38,88,0,88,20,2026-01-09T08:38:58,0.85,News Article,False,False,https://www.yahoo.com/finance/news/netflix-co-ceo-says-doesn-161311344.html,https://reddit.com/r/netflix/comments/1q832jb/netflix_coceo_says_he_doesnt_read_business/
1q81whh,Need recommendation for movies on Netflix,harpreetthind,9,0,9,23,2026-01-09T07:26:39,0.81,What Should I Watch?,True,False,https://www.reddit.com/r/netflix/comments/1q81whh/need_recommendation_for_movies_on_netflix/,https://reddit.com/r/netflix/comments/1q81whh/need_recommendation_for_movies_on_netflix/
1q803dq,People We Meet On Vacation,Working_Branch_751,16,0,16,86,2026-01-09T05:44:13,0.84,Discussion,True,False,https://www.reddit.com/r/netflix/comments/1q803dq/people_we_meet_on_vacation/,https://reddit.com/r/netflix/comments/1q803dq/people_we_meet_on_vacation/
1q7zlp9,"What is the point of making ""Saare Jahan Se Accha"" really?",Much-Potential1008,0,0,0,1,2026-01-09T05:18:15,0.23,Discussion,True,False,https://www.reddit.com/r/netflix/comments/1q7zlp9/what_is_the_point_of_making_saare_jahan_se_accha/,https://reddit.com/r/netflix/comments/1q7zlp9/what_is_the_point_of_making_saare_jahan_se_accha/
1q7zlmt,His &amp; Hers,LilNello1,30,0,30,26,2026-01-09T05:18:09,0.92,Discussion,True,False,https://www.reddit.com/r/netflix/comments/1q7zlmt/his_hers/,https://reddit.com/r/netflix/comments/1q7zlmt/his_hers/
1q7zd7k,Can‚Äôt watch 4k content with dual monitors (pc),xdylanx2424,0,0,0,3,2026-01-09T05:06:37,0.5,Question,True,False,https://www.reddit.com/r/netflix/comments/1q7zd7k/cant_watch_4k_content_with_dual_monitors_pc/,https://reddit.com/r/netflix/comments/1q7zd7k/cant_watch_4k_content_with_dual_monitors_pc/
1q7yxx1,The recent Stephen King series are worth watching.,stellacampus,17,0,17,16,2026-01-09T04:45:48,0.84,Recommendation,True,False,https://www.reddit.com/r/netflix/comments/1q7yxx1/the_recent_stephen_king_series_are_worth_watching/,https://reddit.com/r/netflix/comments/1q7yxx1/the_recent_stephen_king_series_are_worth_watching/
1q7wjl9,Conformity Gate,Chuckyfan666,0,0,0,2,2026-01-09T02:52:55,0.23,Discussion,True,False,https://www.reddit.com/r/netflix/comments/1q7wjl9/conformity_gate/,https://reddit.com/r/netflix/comments/1q7wjl9/conformity_gate/
1q7w4xn,Does anyone have a spare/extra ticket to the Frankenstein Exhibit in LA??,Adventurous_Floor403,0,0,0,0,2026-01-09T02:34:42,0.33,Question,True,False,https://www.reddit.com/r/netflix/comments/1q7w4xn/does_anyone_have_a_spareextra_ticket_to_the/,https://reddit.com/r/netflix/comments/1q7w4xn/does_anyone_have_a_spareextra_ticket_to_the/
1q7vgvo,Harlan Coben? why not Janet Evanovich?,Gordonica,39,0,39,25,2026-01-09T02:05:36,0.8,Discussion,True,False,https://www.reddit.com/r/netflix/comments/1q7vgvo/harlan_coben_why_not_janet_evanovich/,https://reddit.com/r/netflix/comments/1q7vgvo/harlan_coben_why_not_janet_evanovich/
1q7swpp,"show cut out mid-episode and is now gone, did they happen to remove it?",BoeWulf127,0,0,0,5,2026-01-09T00:16:02,0.48,Question,True,False,https://www.reddit.com/r/netflix/comments/1q7swpp/show_cut_out_midepisode_and_is_now_gone_did_they/,https://reddit.com/r/netflix/comments/1q7swpp/show_cut_out_midepisode_and_is_now_gone_did_they/
1q7sq6i,grey flashes,Curious_Register_718,0,0,0,0,2026-01-09T00:08:32,0.5,Technical Support,True,False,https://www.reddit.com/r/netflix/comments/1q7sq6i/grey_flashes/,https://reddit.com/r/netflix/comments/1q7sq6i/grey_flashes/
1q7q34r,Could we share the same Netflix account? Different house,AdorableLion3900,0,0,0,14,2026-01-08T22:23:01,0.29,Discussion,True,False,https://www.reddit.com/r/netflix/comments/1q7q34r/could_we_share_the_same_netflix_account_different/,https://reddit.com/r/netflix/comments/1q7q34r/could_we_share_the_same_netflix_account_different/
1q7p87v,The Residence Chef,Crazy_Quantity8573,0,0,0,1,2026-01-08T21:50:52,0.5,Discussion,True,False,https://www.reddit.com/r/netflix/comments/1q7p87v/the_residence_chef/,https://reddit.com/r/netflix/comments/1q7p87v/the_residence_chef/
1q7p30z,"The more time passes since last Stranger Things episode's premiere, the more disappointed I am with season 5.",V-B-Torn,0,0,0,12,2026-01-08T21:45:31,0.3,Discussion,True,False,https://www.reddit.com/r/netflix/comments/1q7p30z/the_more_time_passes_since_last_stranger_things/,https://reddit.com/r/netflix/comments/1q7p30z/the_more_time_passes_since_last_stranger_things/
1q7orjz,‚ÄòStranger Things‚Äô Fans Crashed Netflix Looking For An Alternate Finale‚ÄîBut It Doesn't Exist,Similar_Diver9558,1922,0,1922,148,2026-01-08T21:33:32,0.94,Discussion,False,False,https://www.forbes.com.au/life/entertainment/stranger-things-episode-9-conformity-gate-crashes-netflix/,https://reddit.com/r/netflix/comments/1q7orjz/stranger_things_fans_crashed_netflix_looking_for/
1q7ohso,Need Trashy Reality Competition Recs,Caityb13,2,0,2,14,2026-01-08T21:23:48,0.63,What Should I Watch?,True,False,https://www.reddit.com/r/netflix/comments/1q7ohso/need_trashy_reality_competition_recs/,https://reddit.com/r/netflix/comments/1q7ohso/need_trashy_reality_competition_recs/
1q7o58g,"Question: Will Netflix keep releasing remastered One Piece episodes regularly (e.g., monthly)?",StillCompetition2456,0,0,0,1,2026-01-08T21:10:53,0.5,Question,True,False,https://www.reddit.com/r/netflix/comments/1q7o58g/question_will_netflix_keep_releasing_remastered/,https://reddit.com/r/netflix/comments/1q7o58g/question_will_netflix_keep_releasing_remastered/
1q7o0os,Netflix‚Äôs One Piece arc organization makes no sense,Portgas_D_Luwi,0,0,0,1,2026-01-08T21:06:23,0.31,Discussion,True,False,https://www.reddit.com/r/netflix/comments/1q7o0os/netflixs_one_piece_arc_organization_makes_no_sense/,https://reddit.com/r/netflix/comments/1q7o0os/netflixs_one_piece_arc_organization_makes_no_sense/
1q7krkg,Unable to hold to speed up anymore? (Android),splader,5,0,5,2,2026-01-08T19:06:47,0.73,Technical Support,True,False,https://www.reddit.com/r/netflix/comments/1q7krkg/unable_to_hold_to_speed_up_anymore_android/,https://reddit.com/r/netflix/comments/1q7krkg/unable_to_hold_to_speed_up_anymore_android/
1q7ket8,Which series do you rewatch once a year?,EdnaJosie8924,20,0,20,124,2026-01-08T18:54:22,0.74,Question,True,False,https://www.reddit.com/r/netflix/comments/1q7ket8/which_series_do_you_rewatch_once_a_year/,https://reddit.com/r/netflix/comments/1q7ket8/which_series_do_you_rewatch_once_a_year/
1q7jnfy,What would be a good topic for a new season of Turning Point?,Joeyd9t3,0,0,0,4,2026-01-08T18:27:00,0.33,Question,True,False,https://www.reddit.com/r/netflix/comments/1q7jnfy/what_would_be_a_good_topic_for_a_new_season_of/,https://reddit.com/r/netflix/comments/1q7jnfy/what_would_be_a_good_topic_for_a_new_season_of/
1q7ihfo,Adolescence,Mammoth-Mango9432,0,0,0,4,2026-01-08T17:46:55,0.27,Discussion,True,False,https://www.reddit.com/r/netflix/comments/1q7ihfo/adolescence/,https://reddit.com/r/netflix/comments/1q7ihfo/adolescence/
1q7i0mn,"Netflix gives first look at 2026 releases, from ‚ÄòEnola Holmes 3‚Äô to ‚ÄòPeaky Blinders‚Äô",intelerks,77,0,77,15,2026-01-08T17:30:14,0.8,News Article,False,False,https://www.indiaweekly.biz/netflix-2026-releases-enola-holmes-peaky-blinders/,https://reddit.com/r/netflix/comments/1q7i0mn/netflix_gives_first_look_at_2026_releases_from/
1q7h6dm,Where can I see what people think about films on Netflix or other streaming platforms,Possible_Term_8426,2,0,2,20,2026-01-08T17:00:00,0.56,Question,True,False,https://www.reddit.com/r/netflix/comments/1q7h6dm/where_can_i_see_what_people_think_about_films_on/,https://reddit.com/r/netflix/comments/1q7h6dm/where_can_i_see_what_people_think_about_films_on/
1q7fswp,Closed captioning on non-English movies/series,FrictionMitten,1,0,1,1,2026-01-08T16:09:18,0.67,Question,True,False,https://www.reddit.com/r/netflix/comments/1q7fswp/closed_captioning_on_nonenglish_moviesseries/,https://reddit.com/r/netflix/comments/1q7fswp/closed_captioning_on_nonenglish_moviesseries/
1q7crlh,His&amp;Hers - My honest thoughts,Lhakey,107,0,107,248,2026-01-08T14:10:32,0.92,Review,True,False,https://www.reddit.com/r/netflix/comments/1q7crlh/hishers_my_honest_thoughts/,https://reddit.com/r/netflix/comments/1q7crlh/hishers_my_honest_thoughts/
1q784az,Bald Eagle is the most hilarious character in stranger things ‚ù§Ô∏è,Ok-Lavishness4747,0,0,0,7,2026-01-08T10:12:18,0.46,Discussion,True,False,https://www.reddit.com/r/netflix/comments/1q784az/bald_eagle_is_the_most_hilarious_character_in/,https://reddit.com/r/netflix/comments/1q784az/bald_eagle_is_the_most_hilarious_character_in/
1q77ybn,"Netflix‚Äôs His &amp; Hers Review (2026): This Limited Series Is A Glossy, Twisty Thriller Made for Binge-Watching(Rating: 3.5/5)",Baapofmovies_123,20,0,20,52,2026-01-08T10:02:19,0.76,Review,True,False,https://www.reddit.com/r/netflix/comments/1q77ybn/netflixs_his_hers_review_2026_this_limited_series/,https://reddit.com/r/netflix/comments/1q77ybn/netflixs_his_hers_review_2026_this_limited_series/
1q76stk,Action movies &amp; Tv series,LadiesEatFart1,0,0,0,2,2026-01-08T08:49:36,0.5,Question,True,False,https://www.reddit.com/r/netflix/comments/1q76stk/action_movies_tv_series/,https://reddit.com/r/netflix/comments/1q76stk/action_movies_tv_series/
1q75mvw,What car drives Simon Greene in Run Away?,Solar_AU,2,0,2,11,2026-01-08T07:36:23,0.62,Question,True,False,https://www.reddit.com/r/netflix/comments/1q75mvw/what_car_drives_simon_greene_in_run_away/,https://reddit.com/r/netflix/comments/1q75mvw/what_car_drives_simon_greene_in_run_away/
1q75d50,Marcello Hernandez,CommercialAlert158,9,0,9,9,2026-01-08T07:19:43,0.7,Review,True,False,https://www.reddit.com/r/netflix/comments/1q75d50/marcello_hernandez/,https://reddit.com/r/netflix/comments/1q75d50/marcello_hernandez/
1q73ddj,Is any going through first stage of grieving aka denial like me? that the conformity gate didn't come true ?,ZucchiniHungry6537,0,0,0,10,2026-01-08T05:28:44,0.18,Discussion,True,False,https://www.reddit.com/r/netflix/comments/1q73ddj/is_any_going_through_first_stage_of_grieving_aka/,https://reddit.com/r/netflix/comments/1q73ddj/is_any_going_through_first_stage_of_grieving_aka/
1q730co,What the HELL did I just watch?!?!?!,Coach006,35,0,35,27,2026-01-08T05:09:38,0.81,Discussion,True,False,https://www.reddit.com/r/netflix/comments/1q730co/what_the_hell_did_i_just_watch/,https://reddit.com/r/netflix/comments/1q730co/what_the_hell_did_i_just_watch/
1q70upu,"Why does the official Netflix reddit account have all the ""banana length"" achievements",Acrobatic-Nose-3731,0,0,0,12,2026-01-08T03:24:38,0.3,News Article,True,False,https://www.reddit.com/r/netflix/comments/1q70upu/why_does_the_official_netflix_reddit_account_have/,https://reddit.com/r/netflix/comments/1q70upu/why_does_the_official_netflix_reddit_account_have/
1q70tk7,Unlocked: a jail experiment,Boringheart__0,12,0,12,2,2026-01-08T03:23:06,0.88,Discussion,True,False,https://www.reddit.com/r/netflix/comments/1q70tk7/unlocked_a_jail_experiment/,https://reddit.com/r/netflix/comments/1q70tk7/unlocked_a_jail_experiment/
1q70csy,Arrow,Imaginey_Lie,1,0,1,8,2026-01-08T03:02:10,0.53,Discussion,True,False,https://www.reddit.com/r/netflix/comments/1q70csy/arrow/,https://reddit.com/r/netflix/comments/1q70csy/arrow/
1q6zwuk,Stranger Things conspiracy/ Potential idea in future shows,PickleRemarkable4904,0,0,0,1,2026-01-08T02:42:33,0.22,Discussion,False,False,https://media3.giphy.com/media/l0IylOPCNkiqOgMyA/giphy.gif?cid=9b38fe91kze1bau50odz41jzf0v1yzcg7zz1yq3waci8qw6g&amp;ep=v1_gifs_search&amp;rid=giphy.gif&amp;ct=g,https://reddit.com/r/netflix/comments/1q6zwuk/stranger_things_conspiracy_potential_idea_in/
1q6ytix,"You‚Äôre meaning to tell me, that all the hype was legit just about the year preview?üòÇ",Otherwise-Primary319,0,0,0,6,2026-01-08T01:54:54,0.2,Discussion,True,False,https://www.reddit.com/r/netflix/comments/1q6ytix/youre_meaning_to_tell_me_that_all_the_hype_was/,https://reddit.com/r/netflix/comments/1q6ytix/youre_meaning_to_tell_me_that_all_the_hype_was/
1q6y93t,Liar series review,Bulky-Farmer-201,0,0,0,1,2026-01-08T01:29:49,0.5,Discussion,True,False,https://www.reddit.com/r/netflix/comments/1q6y93t/liar_series_review/,https://reddit.com/r/netflix/comments/1q6y93t/liar_series_review/
1q6xmhu,Members only Palm Beach,michelob81,25,0,25,21,2026-01-08T01:02:35,0.86,Discussion,True,False,https://www.reddit.com/r/netflix/comments/1q6xmhu/members_only_palm_beach/,https://reddit.com/r/netflix/comments/1q6xmhu/members_only_palm_beach/
1q6w9t2,Binge worthy series &amp; show,Salted_Caramel777,0,0,0,5,2026-01-08T00:05:21,0.5,Question,True,False,https://www.reddit.com/r/netflix/comments/1q6w9t2/binge_worthy_series_show/,https://reddit.com/r/netflix/comments/1q6w9t2/binge_worthy_series_show/
1q6vlbr,Unlocked: A Jail Experiment Season 2,RiverRose91,47,0,47,299,2026-01-07T23:37:23,0.94,Discussion,True,False,https://www.reddit.com/r/netflix/comments/1q6vlbr/unlocked_a_jail_experiment_season_2/,https://reddit.com/r/netflix/comments/1q6vlbr/unlocked_a_jail_experiment_season_2/
1q6ub1x,"Nitpick: Does anyone get ""flash frames"" on their stream?",skullcat1,0,0,0,0,2026-01-07T22:47:09,0.5,Technical Support,True,False,https://www.reddit.com/r/netflix/comments/1q6ub1x/nitpick_does_anyone_get_flash_frames_on_their/,https://reddit.com/r/netflix/comments/1q6ub1x/nitpick_does_anyone_get_flash_frames_on_their/
1q6swf8,Anyone else have color instability ?,NoEmployer9676,1,0,1,0,2026-01-07T21:53:51,1.0,Technical Support,True,False,https://www.reddit.com/r/netflix/comments/1q6swf8/anyone_else_have_color_instability/,https://reddit.com/r/netflix/comments/1q6swf8/anyone_else_have_color_instability/
1q6sp89,Sean Combs Documentary,CrochetEnthusiast9,12,0,12,3,2026-01-07T21:46:24,0.78,Discussion,True,False,https://www.reddit.com/r/netflix/comments/1q6sp89/sean_combs_documentary/,https://reddit.com/r/netflix/comments/1q6sp89/sean_combs_documentary/
1q6sizt,dropping and starting new shows,anonymous36758,4,0,4,9,2026-01-07T21:39:51,0.75,Discussion,True,False,https://www.reddit.com/r/netflix/comments/1q6sizt/dropping_and_starting_new_shows/,https://reddit.com/r/netflix/comments/1q6sizt/dropping_and_starting_new_shows/
1q6rq7n,The comparison between Dark and Stranger Things!,TheListenerCanon,2,0,2,32,2026-01-07T21:08:14,0.53,Discussion,True,False,https://www.reddit.com/r/netflix/comments/1q6rq7n/the_comparison_between_dark_and_stranger_things/,https://reddit.com/r/netflix/comments/1q6rq7n/the_comparison_between_dark_and_stranger_things/
1q6qvd9,Netflix asking for a second payment in order to enter the account.,NickjuSkeith,0,0,0,10,2026-01-07T20:35:48,0.44,Technical Support,True,False,https://www.reddit.com/r/netflix/comments/1q6qvd9/netflix_asking_for_a_second_payment_in_order_to/,https://reddit.com/r/netflix/comments/1q6qvd9/netflix_asking_for_a_second_payment_in_order_to/
1q6pv44,The Gabby Petito case - I really need to stop watching these crime docs,Thissuxxors,164,0,164,58,2026-01-07T19:58:41,0.88,Discussion,True,False,https://www.reddit.com/r/netflix/comments/1q6pv44/the_gabby_petito_case_i_really_need_to_stop/,https://reddit.com/r/netflix/comments/1q6pv44/the_gabby_petito_case_i_really_need_to_stop/
1q6oo5r,Stranger things Ep. 9,Away_Benefit5720,0,0,0,17,2026-01-07T19:14:28,0.13,Discussion,True,False,https://www.reddit.com/r/netflix/comments/1q6oo5r/stranger_things_ep_9/,https://reddit.com/r/netflix/comments/1q6oo5r/stranger_things_ep_9/
1q6nwor,Thoughts on Stranger Things Season 5,Immediate_Magazine53,0,0,0,9,2026-01-07T18:48:10,0.27,Discussion,True,False,https://www.reddit.com/r/netflix/comments/1q6nwor/thoughts_on_stranger_things_season_5/,https://reddit.com/r/netflix/comments/1q6nwor/thoughts_on_stranger_things_season_5/
1q6m0lt,Does anyone know why they‚Äôre removing so many shows and movies?,azira_likes_smosh,0,0,0,9,2026-01-07T17:42:04,0.08,Question,True,False,https://www.reddit.com/r/netflix/comments/1q6m0lt/does_anyone_know_why_theyre_removing_so_many/,https://reddit.com/r/netflix/comments/1q6m0lt/does_anyone_know_why_theyre_removing_so_many/
1q6m0fa,Torture is the new gunfight in so many shows.,Stormin_333,395,0,395,161,2026-01-07T17:41:53,0.86,Discussion,True,False,https://www.reddit.com/r/netflix/comments/1q6m0fa/torture_is_the_new_gunfight_in_so_many_shows/,https://reddit.com/r/netflix/comments/1q6m0fa/torture_is_the_new_gunfight_in_so_many_shows/
1q6locr,Frieren is not for everyone?,Cohoney,7,0,7,24,2026-01-07T17:30:04,0.82,Question,True,False,https://www.reddit.com/r/netflix/comments/1q6locr/frieren_is_not_for_everyone/,https://reddit.com/r/netflix/comments/1q6locr/frieren_is_not_for_everyone/
1q6kanj,Has anyone else watched Absentia!,hmmmindeed778,3,0,3,24,2026-01-07T16:40:10,0.64,Discussion,True,False,https://www.reddit.com/r/netflix/comments/1q6kanj/has_anyone_else_watched_absentia/,https://reddit.com/r/netflix/comments/1q6kanj/has_anyone_else_watched_absentia/
1q6izpe,When will Netflix fix their IPv6 region detection bug,IamWangHuning,0,0,0,1,2026-01-07T15:52:35,0.2,Technical Support,True,False,https://www.reddit.com/r/netflix/comments/1q6izpe/when_will_netflix_fix_their_ipv6_region_detection/,https://reddit.com/r/netflix/comments/1q6izpe/when_will_netflix_fix_their_ipv6_region_detection/
1q6ipya,Anyone else having these issues in the android app?,wannabejoanie,2,0,2,1,2026-01-07T15:42:30,1.0,Technical Support,True,False,https://www.reddit.com/r/netflix/comments/1q6ipya/anyone_else_having_these_issues_in_the_android_app/,https://reddit.com/r/netflix/comments/1q6ipya/anyone_else_having_these_issues_in_the_android_app/
1q6il96,Stranger Things Finale (Briefcase),j_b_1983,0,0,0,4,2026-01-07T15:37:38,0.21,Discussion,True,False,https://www.reddit.com/r/netflix/comments/1q6il96/stranger_things_finale_briefcase/,https://reddit.com/r/netflix/comments/1q6il96/stranger_things_finale_briefcase/
1q6h4eu,"Help, I can‚Äôt access Netflix on my Samsung TV",Practical_Event9278,0,0,0,4,2026-01-07T14:42:10,0.5,Technical Support,True,False,https://www.reddit.com/r/netflix/comments/1q6h4eu/help_i_cant_access_netflix_on_my_samsung_tv/,https://reddit.com/r/netflix/comments/1q6h4eu/help_i_cant_access_netflix_on_my_samsung_tv/
1q6gmy6,Absentia season 1 was okay. Should I continue watching?,lydocia,0,0,0,11,2026-01-07T14:22:51,0.43,Discussion,True,False,https://www.reddit.com/r/netflix/comments/1q6gmy6/absentia_season_1_was_okay_should_i_continue/,https://reddit.com/r/netflix/comments/1q6gmy6/absentia_season_1_was_okay_should_i_continue/
1q6bu2i,How do i watch ninjago in english from season 7 onwards it wont work?,Spotter24o5,1,0,1,1,2026-01-07T10:23:30,1.0,Question,True,False,https://www.reddit.com/r/netflix/comments/1q6bu2i/how_do_i_watch_ninjago_in_english_from_season_7/,https://reddit.com/r/netflix/comments/1q6bu2i/how_do_i_watch_ninjago_in_english_from_season_7/
1q695aq,"I can't watch Pokemon Horizons T2 in Latin Spanish, it just shows Spanish from Spain",Brilliant_Salad2377,1,0,1,0,2026-01-07T07:33:46,1.0,Technical Support,True,False,https://www.reddit.com/r/netflix/comments/1q695aq/i_cant_watch_pokemon_horizons_t2_in_latin_spanish/,https://reddit.com/r/netflix/comments/1q695aq/i_cant_watch_pokemon_horizons_t2_in_latin_spanish/
1q66x9c,Can we all agree that streaming movies with limited theatrical release?,CalebOnPoint,0,0,0,32,2026-01-07T05:28:45,0.28,Discussion,True,False,https://www.reddit.com/r/netflix/comments/1q66x9c/can_we_all_agree_that_streaming_movies_with/,https://reddit.com/r/netflix/comments/1q66x9c/can_we_all_agree_that_streaming_movies_with/
1q64jtn,Payment problem,barenecessities9,2,0,2,4,2026-01-07T03:33:01,1.0,Technical Support,True,False,https://www.reddit.com/r/netflix/comments/1q64jtn/payment_problem/,https://reddit.com/r/netflix/comments/1q64jtn/payment_problem/
1q648ch,What is the best show on Netflix I should be watching?,Glass-Sea9665,14,0,14,160,2026-01-07T03:18:53,0.67,What Should I Watch?,True,False,https://www.reddit.com/r/netflix/comments/1q648ch/what_is_the_best_show_on_netflix_i_should_be/,https://reddit.com/r/netflix/comments/1q648ch/what_is_the_best_show_on_netflix_i_should_be/
1q63mfd,A House of Dynamite,Extension-Fall-4286,53,0,53,58,2026-01-07T02:51:54,0.7,Review,True,False,https://www.reddit.com/r/netflix/comments/1q63mfd/a_house_of_dynamite/,https://reddit.com/r/netflix/comments/1q63mfd/a_house_of_dynamite/
1q63ic9,WHAT IS NETFLIX POSTING ON IG?? (I'm talking about the story of the doors),Accomplished_File860,0,0,0,10,2026-01-07T02:47:12,0.44,Question,True,False,https://www.reddit.com/r/netflix/comments/1q63ic9/what_is_netflix_posting_on_ig_im_talking_about/,https://reddit.com/r/netflix/comments/1q63ic9/what_is_netflix_posting_on_ig_im_talking_about/
1q62rs4,WWE on Netflix is unwatchable on mobile data,DiscoStuTalkin2You,0,0,0,2,2026-01-07T02:14:52,0.31,Technical Support,True,False,https://www.reddit.com/r/netflix/comments/1q62rs4/wwe_on_netflix_is_unwatchable_on_mobile_data/,https://reddit.com/r/netflix/comments/1q62rs4/wwe_on_netflix_is_unwatchable_on_mobile_data/
1q612n3,I just couldn‚Äôt with the first episode of Run Away. Is it worth it?,Timewilltell755,9,0,9,19,2026-01-07T01:01:12,0.74,Discussion,True,False,https://www.reddit.com/r/netflix/comments/1q612n3/i_just_couldnt_with_the_first_episode_of_run_away/,https://reddit.com/r/netflix/comments/1q612n3/i_just_couldnt_with_the_first_episode_of_run_away/
1q60nrw,Fim da Era: Grandes Marcas de TV Perdem Suporte ao App da Netflix em 2026,Vast-Ad2954,0,0,0,2,2026-01-07T00:43:47,0.33,Discussion,False,False,https://tecvibes.com.br/fim-da-era-grandes-marcas-de-tv-perdem-suporte-ao-app-da-netflix-em-2026,https://reddit.com/r/netflix/comments/1q60nrw/fim_da_era_grandes_marcas_de_tv_perdem_suporte_ao/
1q601v8,Stranger Things' Awful Release Schedule Saved It,forbiddenorigins,0,0,0,0,2026-01-07T00:18:43,0.29,Discussion,False,False,https://youtu.be/zusmlHFz-oc?si=Wld-koDMdCM-zWsk,https://reddit.com/r/netflix/comments/1q601v8/stranger_things_awful_release_schedule_saved_it/
1q5ze9x,Spoiler: Run Away - why does Paige‚Äôs mum take her husband to the estate looking for Paige?!,BlundeRuss,18,0,18,41,2026-01-06T23:52:17,0.78,Question,True,False,https://www.reddit.com/r/netflix/comments/1q5ze9x/spoiler_run_away_why_does_paiges_mum_take_her/,https://reddit.com/r/netflix/comments/1q5ze9x/spoiler_run_away_why_does_paiges_mum_take_her/
1q5z88u,Weird wording in the new Seven Dials Trailer description on Youtube,jordanthebard,5,0,5,0,2026-01-06T23:45:32,0.73,Discussion,True,False,https://www.reddit.com/r/netflix/comments/1q5z88u/weird_wording_in_the_new_seven_dials_trailer/,https://reddit.com/r/netflix/comments/1q5z88u/weird_wording_in_the_new_seven_dials_trailer/
1q5x97p,"In the Harlan Corbin series, Run Away, in episode 7 in the log cabin",TheyCallMeBullet,5,0,5,1,2026-01-06T22:27:26,0.7,Meme,True,False,https://www.reddit.com/r/netflix/comments/1q5x97p/in_the_harlan_corbin_series_run_away_in_episode_7/,https://reddit.com/r/netflix/comments/1q5x97p/in_the_harlan_corbin_series_run_away_in_episode_7/
1q5wfpb,Query,Jonny96A,0,0,0,10,2026-01-06T21:56:37,0.43,Question,True,False,https://www.reddit.com/r/netflix/comments/1q5wfpb/query/,https://reddit.com/r/netflix/comments/1q5wfpb/query/
1q5vmqo,Stranger Things Conformity Gate,Ona_WSB,0,0,0,18,2026-01-06T21:27:06,0.29,Discussion,True,False,https://www.reddit.com/r/netflix/comments/1q5vmqo/stranger_things_conformity_gate/,https://reddit.com/r/netflix/comments/1q5vmqo/stranger_things_conformity_gate/
1q5tugq,Oklahoma - Conformity Gate Theory,Commercial_Wasabi251,0,0,0,4,2026-01-06T20:23:00,0.36,Discussion,True,False,https://www.reddit.com/r/netflix/comments/1q5tugq/oklahoma_conformity_gate_theory/,https://reddit.com/r/netflix/comments/1q5tugq/oklahoma_conformity_gate_theory/
1q5t1cw,New Stranger Things Episode?,Choice_Policy_6326,0,0,0,11,2026-01-06T19:54:19,0.13,Discussion,True,False,https://www.reddit.com/r/netflix/comments/1q5t1cw/new_stranger_things_episode/,https://reddit.com/r/netflix/comments/1q5t1cw/new_stranger_things_episode/
1q5s3n7,"Netflix Brings Back Star Search With Jelly Roll, Sarah Michelle Gellar and Chrissy Teigen as Judges",misterpopculture,0,0,0,14,2026-01-06T19:20:58,0.44,News Article,False,False,https://nerdtropolis.com/netflix-star-search-judges-jelly-roll-sarah-michelle-gellar-chrissy-teigen/,https://reddit.com/r/netflix/comments/1q5s3n7/netflix_brings_back_star_search_with_jelly_roll/
1q5r5fa,What show next?,DifferentEditor7200,3,0,3,31,2026-01-06T18:47:07,0.62,What Should I Watch?,True,False,https://www.reddit.com/r/netflix/comments/1q5r5fa/what_show_next/,https://reddit.com/r/netflix/comments/1q5r5fa/what_show_next/
1q5r2vs,Where to contact Netflix support?,Honky_Town,0,0,0,8,2026-01-06T18:44:36,0.18,Technical Support,True,False,https://www.reddit.com/r/netflix/comments/1q5r2vs/where_to_contact_netflix_support/,https://reddit.com/r/netflix/comments/1q5r2vs/where_to_contact_netflix_support/
1q5r26m,"Ben Affleck Interview On New Movie, The Rip, on Jimmy Kimmel Live!",LilNello1,0,0,0,0,2026-01-06T18:43:55,0.5,Discussion,False,False,https://youtu.be/MRwiB2btywM?si=PlXadwgpNFuxPXyT,https://reddit.com/r/netflix/comments/1q5r26m/ben_affleck_interview_on_new_movie_the_rip_on/
1q5qh89,Should I watch cobra kai??,pjand08,0,0,0,83,2026-01-06T18:23:14,0.46,Discussion,True,False,https://www.reddit.com/r/netflix/comments/1q5qh89/should_i_watch_cobra_kai/,https://reddit.com/r/netflix/comments/1q5qh89/should_i_watch_cobra_kai/
1q5oyis,Connection trouble,Nanaof8girls,1,0,1,1,2026-01-06T17:29:26,0.67,Question,True,False,https://www.reddit.com/r/netflix/comments/1q5oyis/connection_trouble/,https://reddit.com/r/netflix/comments/1q5oyis/connection_trouble/
1q5mgua,My fav show Star Trek Next Generation is being cancelled Jan 8,ania11111,0,0,0,25,2026-01-06T15:59:46,0.25,Question,True,False,https://www.reddit.com/r/netflix/comments/1q5mgua/my_fav_show_star_trek_next_generation_is_being/,https://reddit.com/r/netflix/comments/1q5mgua/my_fav_show_star_trek_next_generation_is_being/
1q5m8xl,I despise Fiona Gallagher from Shameless,Thefewmam,0,0,0,13,2026-01-06T15:51:35,0.3,Review,True,False,https://www.reddit.com/r/netflix/comments/1q5m8xl/i_despise_fiona_gallagher_from_shameless/,https://reddit.com/r/netflix/comments/1q5m8xl/i_despise_fiona_gallagher_from_shameless/
1q5lr0z,"If they would just have heard the leaked gossip or fan fiction like the three head dragon theory or the clock theory the **Stranger Things** final wouldn‚Äôt have sucked so fucking hard.

Five fucking minutes.
That‚Äôs all it took",bigbwolf18,0,0,0,6,2026-01-06T15:32:56,0.24,Discussion,True,False,https://www.reddit.com/r/netflix/comments/1q5lr0z/if_they_would_just_have_heard_the_leaked_gossip/,https://reddit.com/r/netflix/comments/1q5lr0z/if_they_would_just_have_heard_the_leaked_gossip/
1q5l79g,"Stranger Things vs. ""Reality Bites"" (1994)",Sensitive-Ability390,0,0,0,0,2026-01-06T15:12:45,0.11,Discussion,True,False,https://www.reddit.com/r/netflix/comments/1q5l79g/stranger_things_vs_reality_bites_1994/,https://reddit.com/r/netflix/comments/1q5l79g/stranger_things_vs_reality_bites_1994/
1q5jxue,Did Netflix remove members only palm beach?,coolbeans_acubmg,0,0,0,7,2026-01-06T14:23:36,0.27,Question,True,False,https://www.reddit.com/r/netflix/comments/1q5jxue/did_netflix_remove_members_only_palm_beach/,https://reddit.com/r/netflix/comments/1q5jxue/did_netflix_remove_members_only_palm_beach/
1q5j88c,Run Away - Harlan Coban - TERRIBLE,FarScheme4636,374,0,374,439,2026-01-06T13:55:15,0.93,Review,True,False,https://www.reddit.com/r/netflix/comments/1q5j88c/run_away_harlan_coban_terrible/,https://reddit.com/r/netflix/comments/1q5j88c/run_away_harlan_coban_terrible/
1q5ihee,Stranger Things Spin Off,Wide-Cut8586,0,0,0,15,2026-01-06T13:24:30,0.3,Discussion,True,False,https://www.reddit.com/r/netflix/comments/1q5ihee/stranger_things_spin_off/,https://reddit.com/r/netflix/comments/1q5ihee/stranger_things_spin_off/
1q5fj2x,Just finished runaway,forevony_0904,1,0,1,4,2026-01-06T10:56:41,0.6,Recommendation,True,False,https://www.reddit.com/r/netflix/comments/1q5fj2x/just_finished_runaway/,https://reddit.com/r/netflix/comments/1q5fj2x/just_finished_runaway/
1q5e120,Just finished Harlan Coben‚Äôs Run Away and have one serious question (spoiler alert!),denbrough,42,0,42,87,2026-01-06T09:26:32,0.88,Question,True,False,https://www.reddit.com/r/netflix/comments/1q5e120/just_finished_harlan_cobens_run_away_and_have_one/,https://reddit.com/r/netflix/comments/1q5e120/just_finished_harlan_cobens_run_away_and_have_one/
1q5cwsu,Netflix Kingdoms,foo337,9,0,9,2,2026-01-06T08:15:10,0.86,Discussion,True,False,https://www.reddit.com/r/netflix/comments/1q5cwsu/netflix_kingdoms/,https://reddit.com/r/netflix/comments/1q5cwsu/netflix_kingdoms/
1q5cg1f,Shows like man on inside,Loud-Effort958,4,0,4,12,2026-01-06T07:46:11,0.75,Discussion,True,False,https://www.reddit.com/r/netflix/comments/1q5cg1f/shows_like_man_on_inside/,https://reddit.com/r/netflix/comments/1q5cg1f/shows_like_man_on_inside/
1q58onv,How can I change my profile pic to an old one not available anymore on mobile?,HomeSuspicious33,0,0,0,1,2026-01-06T04:22:44,0.33,Question,True,False,https://www.reddit.com/r/netflix/comments/1q58onv/how_can_i_change_my_profile_pic_to_an_old_one_not/,https://reddit.com/r/netflix/comments/1q58onv/how_can_i_change_my_profile_pic_to_an_old_one_not/
1q5778o,Watch ideas??,applesauce2011,7,0,7,32,2026-01-06T03:13:33,0.72,What Should I Watch?,True,False,https://www.reddit.com/r/netflix/comments/1q5778o/watch_ideas/,https://reddit.com/r/netflix/comments/1q5778o/watch_ideas/
1q574ut,Did I miss the point of Adolescence?,Book24_,58,0,58,82,2026-01-06T03:10:34,0.64,Question,True,False,https://www.reddit.com/r/netflix/comments/1q574ut/did_i_miss_the_point_of_adolescence/,https://reddit.com/r/netflix/comments/1q574ut/did_i_miss_the_point_of_adolescence/
1q574t2,"With Frrinds already gone, and Star Trek going in a matter of days, have we entered a new era for Netflix?",Top-Oil6722,0,0,0,13,2026-01-06T03:10:31,0.29,Discussion,True,False,https://www.reddit.com/r/netflix/comments/1q574t2/with_frrinds_already_gone_and_star_trek_going_in/,https://reddit.com/r/netflix/comments/1q574t2/with_frrinds_already_gone_and_star_trek_going_in/
1q56ns2,Netflix ad tier disables Picture in Picture on iPhone Air,Global_Research_9335,10,0,10,3,2026-01-06T02:49:50,0.87,Technical Support,True,False,https://www.reddit.com/r/netflix/comments/1q56ns2/netflix_ad_tier_disables_picture_in_picture_on/,https://reddit.com/r/netflix/comments/1q56ns2/netflix_ad_tier_disables_picture_in_picture_on/
1q56n29,Is there a way to stop getting recommend foreign movies/shows with shitty lip syncing?,Speed_Offer,0,0,0,23,2026-01-06T02:48:59,0.45,Question,True,False,https://www.reddit.com/r/netflix/comments/1q56n29/is_there_a_way_to_stop_getting_recommend_foreign/,https://reddit.com/r/netflix/comments/1q56n29/is_there_a_way_to_stop_getting_recommend_foreign/
1q55kb8,Call of the night season 1 was so good! Season 2 when?,Fantastic_Manner8685,5,0,5,2,2026-01-06T02:02:20,0.73,Question,True,False,https://www.reddit.com/r/netflix/comments/1q55kb8/call_of_the_night_season_1_was_so_good_season_2/,https://reddit.com/r/netflix/comments/1q55kb8/call_of_the_night_season_1_was_so_good_season_2/
1q54qbf,RIPLEY,Interesting_Rush570,28,0,28,36,2026-01-06T01:26:52,0.8,Discussion,True,False,https://www.reddit.com/r/netflix/comments/1q54qbf/ripley/,https://reddit.com/r/netflix/comments/1q54qbf/ripley/
1q5404d,HEARTbroken (and recommendation for) KAOS,LucrativelyGreyt,10,0,10,13,2026-01-06T00:56:39,0.64,Recommendation,True,False,https://www.reddit.com/r/netflix/comments/1q5404d/heartbroken_and_recommendation_for_kaos/,https://reddit.com/r/netflix/comments/1q5404d/heartbroken_and_recommendation_for_kaos/
1q53el2,New series that don‚Äôt exist,murrence,0,0,0,10,2026-01-06T00:32:28,0.35,Question,True,False,https://www.reddit.com/r/netflix/comments/1q53el2/new_series_that_dont_exist/,https://reddit.com/r/netflix/comments/1q53el2/new_series_that_dont_exist/
1q52zxf,Members Only: Palm Beach .. the F class of Palm Beach society,thepurplethorn,41,0,41,40,2026-01-06T00:15:40,0.82,Discussion,True,False,https://www.reddit.com/r/netflix/comments/1q52zxf/members_only_palm_beach_the_f_class_of_palm_beach/,https://reddit.com/r/netflix/comments/1q52zxf/members_only_palm_beach_the_f_class_of_palm_beach/
1q52yo6,The tone shift in Stranger Things is what finally convinced me to cancel my subscription after 12 years running.,bmanny,0,0,0,23,2026-01-06T00:14:19,0.41,Discussion,True,False,https://www.reddit.com/r/netflix/comments/1q52yo6/the_tone_shift_in_stranger_things_is_what_finally/,https://reddit.com/r/netflix/comments/1q52yo6/the_tone_shift_in_stranger_things_is_what_finally/
1q51mjo,Think Best Guess Live is rigged? You're Wrong.,LaDeskWood,5,0,5,10,2026-01-05T23:20:29,0.69,Discussion,True,False,https://www.reddit.com/r/netflix/comments/1q51mjo/think_best_guess_live_is_rigged_youre_wrong/,https://reddit.com/r/netflix/comments/1q51mjo/think_best_guess_live_is_rigged_youre_wrong/
1q4zz0e,Did you try search ‚Äúfake ending‚Äù on Netflix,Vegetable_Engine_463,0,0,0,22,2026-01-05T22:16:27,0.26,Question,True,False,https://www.reddit.com/r/netflix/comments/1q4zz0e/did_you_try_search_fake_ending_on_netflix/,https://reddit.com/r/netflix/comments/1q4zz0e/did_you_try_search_fake_ending_on_netflix/
1q4zly0,Run away ~Harlen Coban,forevony_0904,65,0,65,46,2026-01-05T22:02:27,0.9,Question,True,False,https://www.reddit.com/r/netflix/comments/1q4zly0/run_away_harlen_coban/,https://reddit.com/r/netflix/comments/1q4zly0/run_away_harlen_coban/
1q4z82c,Stranger things episode 9 is not coming!!,pjand08,24,0,24,52,2026-01-05T21:48:03,0.6,Discussion,True,False,https://www.reddit.com/r/netflix/comments/1q4z82c/stranger_things_episode_9_is_not_coming/,https://reddit.com/r/netflix/comments/1q4z82c/stranger_things_episode_9_is_not_coming/
1q4ykfd,Harlan Coben new series Run Away,Orangeandjasmine777,46,0,46,97,2026-01-05T21:23:57,0.85,Discussion,True,False,https://www.reddit.com/r/netflix/comments/1q4ykfd/harlan_coben_new_series_run_away/,https://reddit.com/r/netflix/comments/1q4ykfd/harlan_coben_new_series_run_away/
1q4ycbc,is the premium subscription worth it?,thug_waffle47,0,0,0,21,2026-01-05T21:15:38,0.5,Discussion,True,False,https://www.reddit.com/r/netflix/comments/1q4ycbc/is_the_premium_subscription_worth_it/,https://reddit.com/r/netflix/comments/1q4ycbc/is_the_premium_subscription_worth_it/
1q4xlnq,The hell do I do?,Whole_Purchase_3623,0,0,0,5,2026-01-05T20:48:19,0.4,Technical Support,True,False,https://www.reddit.com/r/netflix/comments/1q4xlnq/the_hell_do_i_do/,https://reddit.com/r/netflix/comments/1q4xlnq/the_hell_do_i_do/
1q4wj37,"series with ~ 30 min episodes (except comedy, animation or documentaries)",G_ntl_m_n,0,0,0,12,2026-01-05T20:09:03,0.33,What Should I Watch?,True,False,https://www.reddit.com/r/netflix/comments/1q4wj37/series_with_30_min_episodes_except_comedy/,https://reddit.com/r/netflix/comments/1q4wj37/series_with_30_min_episodes_except_comedy/
1q4w8ta,Gale Brophy allegedly thrown out of Netflix's Members Only: Palm Beach premiere party,Fun_Molasses5215,0,0,0,8,2026-01-05T19:58:59,0.43,News Article,False,False,https://thetab.com/realityshrine/2026/01/05/gale-brophy-shockingly-allegedly-thrown-out-of-members-only-palm-beach-premiere-party/,https://reddit.com/r/netflix/comments/1q4w8ta/gale_brophy_allegedly_thrown_out_of_netflixs/
1q4uhvc,Is modern family on Netflix?,funny-wizard,0,0,0,12,2026-01-05T18:56:20,0.2,Question,True,False,https://www.reddit.com/r/netflix/comments/1q4uhvc/is_modern_family_on_netflix/,https://reddit.com/r/netflix/comments/1q4uhvc/is_modern_family_on_netflix/
1q4ts4o,Losing Most of Continue Watch list?,tooOldOriolesfan,1,0,1,0,2026-01-05T18:31:22,0.67,Question,True,False,https://www.reddit.com/r/netflix/comments/1q4ts4o/losing_most_of_continue_watch_list/,https://reddit.com/r/netflix/comments/1q4ts4o/losing_most_of_continue_watch_list/
1q4tcsp,Penelope from bridgerton was SO Selfish,PracticalMagic3015,0,0,0,3,2026-01-05T18:16:14,0.39,Discussion,True,False,https://www.reddit.com/r/netflix/comments/1q4tcsp/penelope_from_bridgerton_was_so_selfish/,https://reddit.com/r/netflix/comments/1q4tcsp/penelope_from_bridgerton_was_so_selfish/
1q4t8vr,"Stranger Things Poll - Series retrospective, come vote! [ALL]",DuckDucks,2,0,2,5,2026-01-05T18:12:31,0.63,Discussion,True,False,https://www.reddit.com/r/netflix/comments/1q4t8vr/stranger_things_poll_series_retrospective_come/,https://reddit.com/r/netflix/comments/1q4t8vr/stranger_things_poll_series_retrospective_come/
1q4sqc8,Unknown number,funny-wizard,8,0,8,26,2026-01-05T17:55:03,0.68,Question,True,False,https://www.reddit.com/r/netflix/comments/1q4sqc8/unknown_number/,https://reddit.com/r/netflix/comments/1q4sqc8/unknown_number/
1q4qvmz,What is a good horror movie/series?,Ok-Lavishness4747,5,0,5,36,2026-01-05T16:49:28,0.65,What Should I Watch?,True,False,https://www.reddit.com/r/netflix/comments/1q4qvmz/what_is_a_good_horror_movieseries/,https://reddit.com/r/netflix/comments/1q4qvmz/what_is_a_good_horror_movieseries/
1q4qo9i,Anyone else jumped head first into conformity gate??,Opening_Half_9415,0,0,0,15,2026-01-05T16:42:16,0.42,Discussion,True,False,https://www.reddit.com/r/netflix/comments/1q4qo9i/anyone_else_jumped_head_first_into_conformity_gate/,https://reddit.com/r/netflix/comments/1q4qo9i/anyone_else_jumped_head_first_into_conformity_gate/
1q4o69l,Movie picks for a friends night,Few_Language6298,3,0,3,1,2026-01-05T15:11:12,1.0,What Should I Watch?,True,False,https://www.reddit.com/r/netflix/comments/1q4o69l/movie_picks_for_a_friends_night/,https://reddit.com/r/netflix/comments/1q4o69l/movie_picks_for_a_friends_night/
1q4lppr,Good detective show?,Didyou1123,10,0,10,42,2026-01-05T13:30:19,0.78,What Should I Watch?,True,False,https://www.reddit.com/r/netflix/comments/1q4lppr/good_detective_show/,https://reddit.com/r/netflix/comments/1q4lppr/good_detective_show/
1q4jyho,What Netflix show do you wish had subsequent seasons?,Bubbly_Status_9112,0,0,0,44,2026-01-05T12:04:26,0.5,Discussion,True,False,https://www.reddit.com/r/netflix/comments/1q4jyho/what_netflix_show_do_you_wish_had_subsequent/,https://reddit.com/r/netflix/comments/1q4jyho/what_netflix_show_do_you_wish_had_subsequent/
1q4i1t6,Can we all agree that Stranger Things season 5 was great but it was definitely the weakest season?,Gamer_8887,0,0,0,29,2026-01-05T10:17:20,0.38,Discussion,True,False,https://www.reddit.com/r/netflix/comments/1q4i1t6/can_we_all_agree_that_stranger_things_season_5/,https://reddit.com/r/netflix/comments/1q4i1t6/can_we_all_agree_that_stranger_things_season_5/
1q4fnui,Looking for the Most Captivating True Crime Docs,Beginning-Stage-470,13,0,13,50,2026-01-05T07:47:38,0.82,Question,True,False,https://www.reddit.com/r/netflix/comments/1q4fnui/looking_for_the_most_captivating_true_crime_docs/,https://reddit.com/r/netflix/comments/1q4fnui/looking_for_the_most_captivating_true_crime_docs/
1q4fk1x,Netflix Search Behavior,MD1ggy,6,0,6,6,2026-01-05T07:41:04,0.8,Question,True,False,https://www.reddit.com/r/netflix/comments/1q4fk1x/netflix_search_behavior/,https://reddit.com/r/netflix/comments/1q4fk1x/netflix_search_behavior/
1q4f5c5,"Physical: Asia Goes to Mongolia ‚Äî Brotherhood, Culture, and Chaos",ColdAd4684,3,0,3,1,2026-01-05T07:16:13,0.8,Review,False,False,https://youtube.com/shorts/hi0vluplVhs?si=Ha4hdwSkZ7SwPJIb,https://reddit.com/r/netflix/comments/1q4f5c5/physical_asia_goes_to_mongolia_brotherhood/
1q4f3y2,Nancy‚Äôs Vision - Conformity Theory,Commercial_Wasabi251,0,0,0,2,2026-01-05T07:13:48,0.27,Discussion,True,False,https://www.reddit.com/r/netflix/comments/1q4f3y2/nancys_vision_conformity_theory/,https://reddit.com/r/netflix/comments/1q4f3y2/nancys_vision_conformity_theory/
1q4db7p,Please help me remember this show.,Inevitable_Giraffe29,6,0,6,3,2026-01-05T05:33:50,0.81,Question,True,False,https://www.reddit.com/r/netflix/comments/1q4db7p/please_help_me_remember_this_show/,https://reddit.com/r/netflix/comments/1q4db7p/please_help_me_remember_this_show/
1q4ckr2,How would you have ended squid game? Spoilers,Tonberry38,0,0,0,3,2026-01-05T04:57:12,0.36,Discussion,True,False,https://www.reddit.com/r/netflix/comments/1q4ckr2/how_would_you_have_ended_squid_game_spoilers/,https://reddit.com/r/netflix/comments/1q4ckr2/how_would_you_have_ended_squid_game_spoilers/
1q4ai7q,SO MANY GOOD SHOWS ARE LEAVING NETFLIX,No-Tip-5109,0,0,0,20,2026-01-05T03:19:09,0.32,Discussion,True,False,https://www.reddit.com/r/netflix/comments/1q4ai7q/so_many_good_shows_are_leaving_netflix/,https://reddit.com/r/netflix/comments/1q4ai7q/so_many_good_shows_are_leaving_netflix/
1q4aea4,"Double esse anime Netflix Gate: Jieitai Kanochi nite, Kaku Tatakaeri",pimaremacaw,0,0,0,0,2026-01-05T03:14:03,0.5,Question,True,False,https://www.reddit.com/r/netflix/comments/1q4aea4/double_esse_anime_netflix_gate_jieitai_kanochi/,https://reddit.com/r/netflix/comments/1q4aea4/double_esse_anime_netflix_gate_jieitai_kanochi/
1q4aa36,The Waterfront,Eclectic_Paradox,4,0,4,9,2026-01-05T03:08:38,0.6,Discussion,True,False,https://www.reddit.com/r/netflix/comments/1q4aa36/the_waterfront/,https://reddit.com/r/netflix/comments/1q4aa36/the_waterfront/
